"DESCRIPTION","DURATION IN MS","NAME","PARENT SUITE","START TIME","STATUS","STOP TIME","SUB SUITE","SUITE","TEST CLASS","TEST METHOD"
"","256","test_login_invalid_credentials","tests","Wed Aug 05 15:24:04 MSK 2026","passed","Wed Aug 05 15:24:04 MSK 2026","","test_all","",""
"","3272","test_async_loading","tests","Wed Aug 05 15:24:14 MSK 2026","passed","Wed Aug 05 15:24:17 MSK 2026","","test_all","",""
"","345","test_add_todo_task","tests","Wed Aug 05 15:24:07 MSK 2026","passed","Wed Aug 05 15:24:07 MSK 2026","","test_all","",""
"","371","test_delete_todo_task","tests","Wed Aug 05 15:24:09 MSK 2026","passed","Wed Aug 05 15:24:09 MSK 2026","","test_all","",""
"","338","test_add_task_with_spaces","tests","Wed Aug 05 15:24:11 MSK 2026","passed","Wed Aug 05 15:24:11 MSK 2026","","test_all","",""
"","200","test_login_button_enabled_after_fill","tests","Wed Aug 05 15:24:02 MSK 2026","passed","Wed Aug 05 15:24:02 MSK 2026","","test_all","",""
"","73","test_login_button_disabled_initially","tests","Wed Aug 05 15:24:01 MSK 2026","passed","Wed Aug 05 15:24:01 MSK 2026","","test_all","",""
"","391","test_add_task_with_trimmed_spaces","tests","Wed Aug 05 15:24:12 MSK 2026","passed","Wed Aug 05 15:24:13 MSK 2026","","test_all","",""
"","247","test_login_valid_credentials","tests","Wed Aug 05 15:24:05 MSK 2026","passed","Wed Aug 05 15:24:06 MSK 2026","","test_all","",""
